{"cameraMode":{"drawMode":0,"name":"Shaded","section":"Shading Mode"},"sceneLighting":true,"audioPlay":false,"sceneViewState":{"m_AlwaysRefresh":false,"showFog":true,"showSkybox":true,"showFlares":true,"showImageEffects":true,"showParticleSystems":true,"showVisualEffectGraphs":true,"m_FxEnabled":true},"in2DMode":false,"pivot":{"x":3.04626202583313,"y":2.4445457458496095,"z":2.2504758834838869},"rotation":{"x":-0.02379954420030117,"y":0.8567203283309937,"z":-0.039595358073711398,"w":-0.5138887166976929},"size":1.5205068588256837,"orthographic":false}